,Date_num,Gdp_growth,Stable_gov,Gdp_class,Bank_rate
0,9244,7.11,1,3,6
1,9245,7.11,1,3,6
2,9246,7.11,1,3,6
3,9247,7.11,1,3,6
4,9248,7.11,1,3,6
5,9249,7.11,1,3,6
6,9250,7.11,1,3,6
7,9251,7.11,1,3,6
8,9252,7.11,1,3,6
9,9253,7.11,1,3,6
10,9254,7.11,1,3,6
11,9255,7.11,1,3,6
12,9256,7.11,1,3,6
13,9257,7.11,1,3,6
14,9258,7.11,1,3,6
15,9259,7.11,1,3,6
16,9260,7.11,1,3,6
17,9261,7.11,1,3,6
18,9262,7.11,1,3,6
19,9263,7.11,1,3,6
20,9264,7.11,1,3,6
21,9265,7.11,1,3,6
22,9266,7.11,1,3,6
23,9267,7.11,1,3,6
24,9268,7.11,1,3,6
25,9269,7.11,1,3,6
26,9270,7.11,1,3,6
27,9271,7.11,1,3,6
28,9272,7.11,1,3,6
29,9273,7.11,1,3,6
30,9274,7.11,1,3,6
31,9275,7.11,1,3,6
32,9276,7.11,1,3,6
33,9277,7.11,1,3,6
34,9278,7.11,1,3,6
35,9279,7.11,1,3,6
36,9280,7.11,1,3,6
37,9281,7.11,1,3,6
38,9282,7.11,1,3,6
39,9283,7.11,1,3,6
40,9284,7.11,1,3,6
41,9285,7.11,1,3,6
42,9286,7.11,1,3,6
43,9287,7.11,1,3,6
44,9288,7.11,1,3,6
45,9289,7.11,1,3,6
46,9290,7.11,1,3,6
47,9291,7.11,1,3,6
48,9292,7.11,1,3,6
49,9293,7.11,1,3,6
50,9294,7.11,1,3,6
51,9295,7.11,1,3,6
52,9296,7.11,1,3,6
53,9297,7.11,1,3,6
54,9298,7.11,1,3,6
55,9299,7.11,1,3,6
56,9300,7.11,1,3,6
57,9301,7.11,1,3,6
58,9302,7.11,1,3,6
59,9303,7.11,1,3,6
60,9304,7.11,1,3,6
61,9305,7.11,1,3,6
62,9306,7.11,1,3,6
63,9307,7.11,1,3,6
64,9308,7.11,1,3,6
65,9309,7.11,1,3,6
66,9310,7.11,1,3,6
67,9311,7.11,1,3,6
68,9312,7.11,1,3,6
69,9313,7.11,1,3,6
70,9314,7.11,1,3,6
71,9315,7.11,1,3,6
72,9316,7.11,1,3,6
73,9317,7.11,1,3,6
74,9318,7.11,1,3,6
75,9319,7.11,1,3,6
76,9320,7.11,1,3,6
77,9321,7.11,1,3,6
78,9322,7.11,1,3,6
79,9323,7.11,1,3,6
80,9324,7.11,1,3,6
81,9325,7.11,1,3,6
82,9326,7.11,1,3,6
83,9327,7.11,1,3,6
84,9328,7.11,1,3,6
85,9329,7.11,1,3,6
86,9330,7.11,1,3,6
87,9331,7.11,1,3,6
88,9332,7.11,1,3,6
89,9333,7.11,1,3,6
90,9334,7.11,1,3,6
91,9335,7.11,1,3,6
92,9336,7.11,1,3,6
93,9337,7.11,1,3,6
94,9338,7.11,1,3,6
95,9339,7.11,1,3,6
96,9340,7.11,1,3,6
97,9341,7.11,1,3,6
98,9342,7.11,1,3,6
99,9343,7.11,1,3,6
100,9344,7.11,1,3,6
101,9345,7.11,1,3,6
102,9346,7.11,1,3,6
103,9347,7.11,1,3,6
104,9348,7.11,1,3,6
105,9349,7.11,1,3,6
106,9350,7.11,1,3,6
107,9351,7.11,1,3,6
108,9352,7.11,1,3,6
109,9353,7.11,1,3,6
110,9354,7.11,1,3,6
111,9355,7.11,1,3,6
112,9356,7.11,1,3,6
113,9357,7.11,1,3,6
114,9358,7.11,1,3,6
115,9359,7.11,1,3,6
116,9360,7.11,1,3,6
117,9361,7.11,1,3,6
118,9362,7.11,1,3,6
119,9363,7.11,1,3,6
120,9364,7.11,1,3,6
121,9365,7.11,1,3,6
122,9366,7.11,1,3,6
123,9367,7.11,1,3,6
124,9368,7.11,1,3,6
125,9369,7.11,1,3,6
126,9370,7.11,1,3,6
127,9371,7.11,1,3,6
128,9372,7.11,1,3,6
129,9373,7.11,1,3,6
130,9374,7.11,1,3,6
131,9375,7.11,1,3,6
132,9376,7.11,1,3,6
133,9377,7.11,1,3,6
134,9378,7.11,1,3,6
135,9379,7.11,1,3,6
136,9380,7.11,1,3,6
137,9381,7.11,1,3,6
138,9382,7.11,1,3,6
139,9383,7.11,1,3,6
140,9384,7.11,1,3,6
141,9385,7.11,1,3,6
142,9386,7.11,1,3,6
143,9387,7.11,1,3,6
144,9388,7.11,1,3,6
145,9389,7.11,1,3,6
146,9390,7.11,1,3,6
147,9391,7.11,1,3,6
148,9392,7.11,1,3,6
149,9393,7.11,1,3,6
150,9394,7.11,1,3,6
151,9395,7.11,1,3,6
152,9396,7.11,1,3,6
153,9397,7.11,1,3,6
154,9398,7.11,1,3,6
155,9399,7.11,1,3,6
156,9400,7.11,1,3,6
157,9401,7.11,1,3,6
158,9402,7.11,1,3,6
159,9403,7.11,1,3,6
160,9404,7.11,1,3,6
161,9405,7.11,1,3,6
162,9406,7.11,1,3,6
163,9407,7.11,1,3,6
164,9408,7.11,1,3,6
165,9409,7.11,1,3,6
166,9410,7.11,1,3,6
167,9411,7.11,1,3,6
168,9412,7.11,1,3,6
169,9413,7.11,1,3,6
170,9414,7.11,1,3,6
171,9415,7.11,1,3,6
172,9416,7.11,1,3,6
173,9417,7.11,1,3,6
174,9418,7.11,1,3,6
175,9419,7.11,1,3,6
176,9420,7.11,1,3,6
177,9421,7.11,1,3,6
178,9422,7.11,1,3,6
179,9423,7.11,1,3,6
180,9424,7.11,1,3,6
181,9425,7.11,1,3,6
182,9426,7.11,1,3,6
183,9427,7.11,1,3,6
184,9428,7.11,1,3,6
185,9429,7.11,1,3,6
186,9430,7.11,1,3,6
187,9431,7.11,1,3,6
188,9432,7.11,1,3,6
189,9433,7.11,1,3,6
190,9434,7.11,1,3,6
191,9435,7.11,1,3,6
192,9436,7.11,1,3,6
193,9437,7.11,1,3,6
194,9438,7.11,1,3,6
195,9439,7.11,1,3,6
196,9440,7.11,1,3,6
197,9441,7.11,1,3,6
198,9442,7.11,1,3,6
199,9443,7.11,1,3,6
200,9444,7.11,1,3,6
201,9445,7.11,1,3,6
202,9446,7.11,1,3,6
203,9447,7.11,1,3,6
204,9448,7.11,1,3,6
205,9449,7.11,1,3,6
206,9450,7.11,1,3,6
207,9451,7.11,1,3,6
208,9452,7.11,1,3,6
209,9453,7.11,1,3,6
210,9454,7.11,1,3,6
211,9455,7.11,1,3,6
212,9456,7.11,1,3,6
213,9457,7.11,1,3,6
214,9458,7.11,1,3,6
215,9459,7.11,1,3,6
216,9460,7.11,1,3,6
217,9461,7.11,1,3,6
218,9462,7.11,1,3,6
219,9463,7.11,1,3,6
220,9464,7.11,1,3,6
221,9465,7.11,1,3,6
222,9466,7.11,1,3,6
223,9467,7.11,1,3,6
224,9468,7.11,1,3,6
225,9469,7.11,1,3,6
226,9470,7.11,1,3,6
227,9471,7.11,1,3,6
228,9472,7.11,1,3,6
229,9473,7.11,1,3,6
230,9474,7.11,1,3,6
231,9475,7.11,1,3,6
232,9476,7.11,1,3,6
233,9477,7.11,1,3,6
234,9478,7.11,1,3,6
235,9479,7.11,1,3,6
236,9480,7.11,1,3,6
237,9481,7.11,1,3,6
238,9482,7.11,1,3,6
239,9483,7.11,1,3,6
240,9484,7.11,1,3,6
241,9485,7.11,1,3,6
242,9486,7.11,1,3,6
243,9487,7.11,1,3,6
244,9488,7.11,1,3,6
245,9489,7.11,1,3,6
246,9490,7.11,1,3,6
247,9491,7.11,1,3,6
248,9492,7.11,1,3,6
249,9493,7.11,1,3,6
250,9494,7.11,1,3,6
251,9495,7.11,1,3,6
252,9496,7.11,1,3,6
253,9497,7.11,1,3,6
254,9498,7.11,1,3,6
255,9499,7.11,1,3,6
256,9500,7.11,1,3,6
257,9501,7.11,1,3,6
258,9502,7.11,1,3,6
259,9503,7.11,1,3,6
260,9504,7.11,1,3,6
261,9505,7.11,1,3,6
262,9506,7.11,1,3,6
263,9507,7.11,1,3,6
264,9508,7.11,1,3,6
265,9509,7.11,1,3,6
266,9510,7.11,1,3,6
267,9511,7.11,1,3,6
268,9512,7.11,1,3,6
269,9513,7.11,1,3,6
270,9514,7.11,1,3,6
271,9515,7.11,1,3,6
272,9516,7.11,1,3,6
273,9517,7.11,1,3,6
274,9518,7.11,1,3,6
275,9519,7.11,1,3,6
276,9520,7.11,1,3,6
277,9521,7.11,1,3,6
278,9522,7.11,1,3,6
279,9523,7.11,1,3,6
280,9524,7.11,1,3,6
281,9525,7.11,1,3,6
282,9526,7.11,1,3,6
283,9527,7.11,1,3,6
284,9528,7.11,1,3,6
285,9529,7.11,1,3,6
286,9530,7.11,1,3,6
287,9531,7.11,1,3,6
288,9532,7.11,1,3,6
289,9533,7.11,1,3,6
290,9534,7.11,1,3,6
291,9535,7.11,1,3,6
292,9536,7.11,1,3,6
293,9537,7.11,1,3,6
294,9538,7.11,1,3,6
295,9539,7.11,1,3,6
296,9540,7.11,1,3,6
297,9541,7.11,1,3,6
298,9542,7.11,1,3,6
299,9543,7.11,1,3,6
300,9544,7.45,1,3,6
301,9545,7.45,1,3,6
302,9546,7.45,1,3,6
303,9547,7.45,1,3,6
304,9548,7.45,1,3,6
305,9549,7.45,1,3,6
306,9550,7.45,1,3,6
307,9551,7.45,1,3,6
308,9552,7.45,1,3,6
309,9553,7.45,1,3,6
310,9554,7.45,1,3,6
311,9555,7.45,1,3,6
312,9556,7.45,1,3,6
313,9557,7.45,1,3,6
314,9558,7.45,1,3,6
315,9559,7.45,1,3,6
316,9560,7.45,1,3,6
317,9561,7.45,1,3,6
318,9562,7.45,1,3,6
319,9563,7.45,1,3,6
320,9564,7.45,1,3,6
321,9565,7.45,1,3,6
322,9566,7.45,1,3,6
323,9567,7.45,1,3,6
324,9568,7.45,1,3,6
325,9569,7.45,1,3,6
326,9570,7.45,1,3,6
327,9571,7.45,1,3,6
328,9572,7.45,1,3,6
329,9573,7.45,1,3,6
330,9574,7.45,1,3,6
331,9575,7.45,1,3,6
332,9576,7.45,1,3,6
333,9577,7.45,1,3,6
334,9578,7.45,1,3,6
335,9579,7.45,1,3,6
336,9580,7.45,1,3,6
337,9581,7.45,1,3,6
338,9582,7.45,1,3,6
339,9583,7.45,1,3,6
340,9584,7.45,1,3,6
341,9585,7.45,1,3,6
342,9586,7.45,1,3,6
343,9587,7.45,1,3,6
344,9588,7.45,1,3,6
345,9589,7.45,1,3,6
346,9590,7.45,1,3,6
347,9591,7.45,1,3,6
348,9592,7.45,1,3,6
349,9593,7.45,1,3,6
350,9594,7.45,1,3,6
351,9595,7.45,1,3,6
352,9596,7.45,1,3,6
353,9597,7.45,1,3,6
354,9598,7.45,1,3,6
355,9599,7.45,1,3,6
356,9600,7.45,1,3,6
357,9601,7.45,1,3,6
358,9602,7.45,1,3,6
359,9603,7.45,1,3,6
360,9604,7.45,1,3,6
361,9605,7.45,1,3,6
362,9606,7.45,1,3,6
363,9607,7.45,1,3,6
364,9608,7.45,1,3,6
365,9609,7.45,1,3,6
366,9610,7.45,1,3,6
367,9611,7.45,1,3,6
368,9612,7.45,1,3,6
369,9613,7.45,1,3,6
370,9614,7.45,1,3,6
371,9615,7.45,1,3,6
372,9616,7.45,1,3,6
373,9617,7.45,1,3,6
374,9618,7.45,1,3,6
375,9619,7.45,1,3,6
376,9620,7.45,1,3,6
377,9621,7.45,1,3,6
378,9622,7.45,1,3,6
379,9623,7.45,1,3,6
380,9624,7.45,1,3,6
381,9625,7.45,1,3,6
382,9626,7.45,1,3,6
383,9627,7.45,1,3,6
384,9628,7.45,1,3,6
385,9629,7.45,1,3,6
386,9630,7.45,1,3,6
387,9631,7.45,1,3,6
388,9632,7.45,1,3,6
389,9633,7.45,1,3,6
390,9634,7.45,1,3,6
391,9635,7.45,1,3,6
392,9636,7.45,1,3,6
393,9637,7.45,1,3,6
394,9638,7.45,1,3,6
395,9639,7.45,1,3,6
396,9640,7.45,1,3,6
397,9641,7.45,1,3,6
398,9642,7.45,1,3,6
399,9643,7.45,1,3,6
400,9644,7.45,1,3,6
401,9645,7.45,1,3,6
402,9646,7.45,1,3,6
403,9647,7.45,1,3,6
404,9648,7.45,1,3,6
405,9649,7.45,1,3,6
406,9650,7.45,1,3,6
407,9651,7.45,1,3,6
408,9652,7.45,1,3,6
409,9653,7.45,1,3,6
410,9654,7.45,1,3,6
411,9655,7.45,1,3,6
412,9656,7.45,1,3,6
413,9657,7.45,1,3,6
414,9658,7.45,1,3,6
415,9659,7.45,1,3,6
416,9660,7.45,1,3,6
417,9661,7.45,1,3,6
418,9662,7.45,1,3,6
419,9663,7.45,1,3,6
420,9664,7.45,1,3,6
421,9665,7.45,1,3,6
422,9666,7.45,1,3,6
423,9667,7.45,1,3,6
424,9668,7.45,1,3,6
425,9669,7.45,1,3,6
426,9670,7.45,1,3,6
427,9671,7.45,1,3,6
428,9672,7.45,1,3,6
429,9673,7.45,1,3,6
430,9674,7.45,1,3,6
431,9675,7.45,1,3,6
432,9676,7.45,1,3,6
433,9677,7.45,1,3,6
434,9678,7.45,1,3,6
435,9679,7.45,1,3,6
436,9680,7.45,1,3,6
437,9681,7.45,1,3,6
438,9682,7.45,1,3,6
439,9683,7.45,1,3,6
440,9684,7.45,1,3,6
441,9685,7.45,1,3,6
442,9686,7.45,1,3,6
443,9687,7.45,1,3,6
444,9688,7.45,1,3,6
445,9689,7.45,1,3,6
446,9690,7.45,1,3,6
447,9691,7.45,1,3,6
448,9692,7.45,1,3,6
449,9693,7.45,1,3,6
450,9694,7.45,1,3,6
451,9695,7.45,1,3,6
452,9696,7.45,1,3,6
453,9697,7.45,1,3,6
454,9698,7.45,1,3,6
455,9699,7.45,1,3,6
456,9700,7.45,1,3,6
457,9701,7.45,1,3,6
458,9702,7.45,1,3,6
459,9703,7.45,1,3,6
460,9704,7.45,1,3,6
461,9705,7.45,1,3,6
462,9706,7.45,1,3,6
463,9707,7.45,1,3,6
464,9708,7.45,1,3,6
465,9709,7.45,1,3,6
466,9710,7.45,1,3,6
467,9711,7.45,1,3,6
468,9712,7.45,1,3,6
469,9713,7.45,1,3,6
470,9714,7.45,1,3,6
471,9715,7.45,1,3,6
472,9716,7.45,1,3,6
473,9717,7.45,1,3,6
474,9718,7.45,1,3,6
475,9719,7.45,1,3,6
476,9720,7.45,1,3,6
477,9721,7.45,1,3,6
478,9722,7.45,1,3,6
479,9723,7.45,1,3,6
480,9724,7.45,1,3,6
481,9725,7.45,1,3,6
482,9726,7.45,1,3,6
483,9727,7.45,1,3,6
484,9728,7.45,1,3,6
485,9729,7.45,1,3,6
486,9730,7.45,1,3,6
487,9731,7.45,1,3,6
488,9732,7.45,1,3,6
489,9733,7.45,1,3,6
490,9734,7.45,1,3,6
491,9735,7.45,1,3,6
492,9736,7.45,1,3,6
493,9737,7.45,1,3,6
494,9738,7.45,1,3,6
495,9739,7.45,1,3,6
496,9740,7.45,1,3,6
497,9741,7.45,1,3,6
498,9742,7.45,1,3,6
499,9743,7.45,1,3,6
500,9744,7.45,1,3,6
501,9745,7.45,1,3,6
502,9746,7.45,1,3,6
503,9747,7.45,1,3,6
504,9748,7.45,1,3,6
505,9749,7.45,1,3,6
506,9750,7.45,1,3,6
507,9751,7.45,1,3,6
508,9752,7.45,1,3,6
509,9753,7.45,1,3,6
510,9754,7.45,1,3,6
511,9755,7.45,1,3,6
512,9756,7.45,1,3,6
513,9757,7.45,1,3,6
514,9758,7.45,1,3,6
515,9759,7.45,1,3,6
516,9760,7.45,1,3,6
517,9761,7.45,1,3,6
518,9762,7.45,1,3,6
519,9763,7.45,1,3,6
520,9764,7.45,1,3,6
521,9765,7.45,1,3,6
522,9766,7.45,1,3,6
523,9767,7.45,1,3,6
524,9768,7.45,1,3,6
525,9769,7.45,1,3,6
526,9770,7.45,1,3,6
527,9771,7.45,1,3,6
528,9772,7.45,1,3,6
529,9773,7.45,1,3,6
530,9774,7.45,1,3,6
531,9775,7.45,1,3,6
532,9776,7.45,1,3,6
533,9777,7.45,1,3,6
534,9778,7.45,1,3,6
535,9779,7.45,1,3,6
536,9780,7.45,1,3,6
537,9781,7.45,1,3,6
538,9782,7.45,1,3,6
539,9783,7.45,1,3,6
540,9784,7.45,1,3,6
541,9785,7.45,1,3,6
542,9786,7.45,1,3,6
543,9787,7.45,1,3,6
544,9788,7.45,1,3,6
545,9789,7.45,1,3,6
546,9790,7.45,1,3,6
547,9791,7.45,1,3,6
548,9792,7.45,1,3,6
549,9793,7.45,1,3,6
550,9794,7.45,1,3,6
551,9795,7.45,1,3,6
552,9796,7.45,1,3,6
553,9797,7.45,1,3,6
554,9798,7.45,1,3,6
555,9799,7.45,1,3,6
556,9800,7.45,1,3,6
557,9801,7.45,1,3,6
558,9802,7.45,1,3,6
559,9803,7.45,1,3,6
560,9804,7.45,1,3,6
561,9805,7.45,1,3,6
562,9806,7.45,1,3,6
563,9807,7.45,1,3,6
564,9808,7.45,1,3,6
565,9809,7.45,1,3,6
566,9810,7.45,1,3,6
567,9811,7.45,1,3,6
568,9812,7.45,1,3,6
569,9813,7.45,1,3,6
570,9814,7.45,1,3,6
571,9815,7.45,1,3,6
572,9816,7.45,1,3,6
573,9817,7.45,1,3,6
574,9818,7.45,1,3,6
575,9819,7.45,1,3,6
576,9820,7.45,1,3,6
577,9821,7.45,1,3,6
578,9822,7.45,1,3,6
579,9823,7.45,1,3,6
580,9824,7.45,1,3,6
581,9825,7.45,1,3,6
582,9826,7.45,1,3,6
583,9827,7.45,1,3,6
584,9828,7.45,1,3,6
585,9829,7.45,1,3,6
586,9830,7.45,1,3,6
587,9831,7.45,1,3,6
588,9832,7.45,1,3,6
589,9833,7.45,1,3,6
590,9834,7.45,1,3,6
591,9835,7.45,1,3,6
592,9836,7.45,1,3,6
593,9837,7.45,1,3,6
594,9838,7.45,1,3,6
595,9839,7.45,1,3,6
596,9840,7.45,1,3,6
597,9841,7.45,1,3,6
598,9842,7.45,1,3,6
599,9843,7.45,1,3,6
600,9844,7.45,1,3,6
601,9845,7.45,1,3,6
602,9846,7.45,1,3,6
603,9847,7.45,1,3,6
604,9848,7.45,1,3,6
605,9849,7.45,1,3,6
606,9850,7.45,1,3,6
607,9851,7.45,1,3,6
608,9852,7.45,1,3,6
609,9853,7.45,1,3,6
610,9854,7.45,1,3,6
611,9855,7.45,1,3,6
612,9856,7.45,1,3,6
613,9857,7.45,1,3,6
614,9858,7.45,1,3,6
615,9859,7.45,1,3,6
616,9860,7.45,1,3,6
617,9861,7.45,1,3,6
618,9862,7.45,1,3,6
619,9863,7.45,1,3,6
620,9864,7.45,1,3,6
621,9865,7.45,1,3,6
622,9866,7.45,1,3,6
623,9867,7.45,1,3,6
624,9868,7.45,1,3,6
625,9869,7.45,1,3,6
626,9870,7.45,1,3,6
627,9871,7.45,1,3,6
628,9872,7.45,1,3,6
629,9873,7.45,1,3,6
630,9874,7.45,1,3,6
631,9875,7.45,1,3,6
632,9876,7.45,1,3,6
633,9877,7.45,1,3,6
634,9878,7.45,1,3,6
635,9879,7.45,1,3,6
636,9880,7.45,1,3,6
637,9881,7.45,1,3,6
638,9882,7.45,1,3,6
639,9883,7.45,1,3,6
640,9884,7.45,1,3,6
641,9885,7.45,1,3,6
642,9886,7.45,1,3,6
643,9887,7.45,1,3,6
644,9888,7.45,1,3,6
645,9889,7.45,1,3,6
646,9890,7.45,1,3,6
647,9891,7.45,1,3,6
648,9892,7.45,1,3,6
649,9893,7.45,1,3,6
650,9894,7.45,1,3,6
651,9895,7.45,1,3,6
652,9896,7.45,1,3,6
653,9897,7.45,1,3,6
654,9898,7.45,1,3,6
655,9899,7.45,1,3,6
656,9900,7.45,1,3,6
657,9901,7.45,1,3,6
658,9902,7.45,1,3,6
659,9903,7.45,1,3,6
660,9904,7.45,1,3,6
661,9905,7.45,1,3,6
662,9906,7.45,1,3,6
663,9907,7.45,1,3,6
664,9908,7.45,1,3,6
665,9910,7.74,1,3,6
666,9912,7.74,1,3,6
667,9914,7.74,1,3,6
668,9916,7.74,1,3,6
669,9918,7.74,1,3,6
670,9920,7.74,1,3,6
671,9922,7.74,1,3,6
672,9924,7.74,1,3,6
673,9926,7.74,1,3,6
674,9928,7.74,1,3,6
675,9930,7.74,1,3,6
676,9932,7.74,1,3,6
677,9934,7.74,1,3,6
678,9936,7.74,1,3,6
679,9938,7.74,1,3,6
680,9940,7.74,1,3,6
681,9942,7.74,1,3,6
682,9944,7.74,1,3,6
683,9946,7.74,1,3,6
684,9948,7.74,1,3,6
685,9950,7.74,1,3,6
686,9952,7.74,1,3,6
687,9954,7.74,1,3,6
688,9956,7.74,1,3,6
689,9958,7.74,1,3,6
690,9960,7.74,1,3,6
691,9962,7.74,1,3,6
692,9964,7.74,1,3,6
693,9966,7.74,1,3,6
694,9968,7.74,1,3,6
695,9970,7.74,1,3,6
696,9972,7.74,1,3,6
697,9974,7.74,1,3,6
698,9976,7.74,1,3,6
699,9978,7.74,1,3,6
700,9980,7.74,1,3,6
701,9982,7.74,1,3,6
702,9984,7.74,1,3,6
703,9986,7.74,1,3,6
704,9988,7.74,1,3,6
705,9990,7.74,1,3,6
706,9992,7.74,1,3,6
707,9994,7.74,1,3,6
708,9996,7.74,1,3,6
709,9998,7.74,1,3,6
710,10000,7.74,1,3,6
711,10002,7.74,1,3,6
712,10004,7.74,1,3,6
713,10006,7.74,1,3,6
714,10008,7.74,1,3,6
715,10010,7.74,1,3,6
716,10012,7.74,1,3,6
717,10014,7.74,1,3,6
718,10016,7.74,1,3,6
719,10018,7.74,1,3,6
720,10020,7.74,1,3,6
721,10022,7.74,1,3,6
722,10024,7.74,1,3,6
723,10026,7.74,1,3,6
724,10028,7.74,1,3,6
725,10030,7.74,1,3,6
726,10032,7.74,1,3,6
727,10034,7.74,1,3,6
728,10036,7.74,1,3,6
729,10038,7.74,1,3,6
730,10040,7.74,1,3,6
731,10042,7.74,1,3,6
732,10044,7.74,1,3,6
733,10046,7.74,1,3,6
734,10048,7.74,1,3,6
735,10050,7.74,1,3,6
736,10052,7.74,1,3,6
737,10054,7.74,1,3,6
738,10056,7.74,1,3,6
739,10058,7.74,1,3,6
740,10060,7.74,1,3,6
741,10062,7.74,1,3,6
742,10064,7.74,1,3,6
743,10066,7.74,1,3,6
744,10068,7.74,1,3,6
745,10070,7.74,1,3,6
746,10072,7.74,1,3,6
747,10074,7.74,1,3,6
748,10076,7.74,1,3,6
749,10078,7.74,1,3,6
750,10080,7.74,1,3,6
751,10082,7.74,1,3,6
752,10084,7.74,1,3,6
753,10086,7.74,1,3,6
754,10088,7.74,1,3,6
755,10090,7.74,1,3,6
756,10092,7.74,1,3,6
757,10094,7.74,1,3,6
758,10096,7.74,1,3,6
759,10098,7.74,1,3,6
760,10100,7.74,1,3,6
761,10102,7.74,1,3,6
762,10104,7.74,1,3,6
763,10106,7.74,1,3,6
764,10108,7.74,1,3,6
765,10110,7.74,1,3,6
766,10112,7.74,1,3,6
767,10114,7.74,1,3,6
768,10116,7.74,1,3,6
769,10118,7.74,1,3,6
770,10120,7.74,1,3,6
771,10122,7.74,1,3,6
772,10124,7.74,1,3,6
773,10126,7.74,1,3,6
774,10128,7.74,1,3,6
775,10130,7.74,1,3,6
776,10132,7.74,1,3,6
777,10134,7.74,1,3,6
778,10136,7.74,1,3,6
779,10138,7.74,1,3,6
780,10140,7.74,1,3,6
781,10142,7.74,1,3,6
782,10144,7.74,1,3,6
783,10146,7.74,1,3,6
784,10148,7.74,1,3,6
785,10150,7.74,1,3,6
786,10152,7.74,1,3,6
787,10154,7.74,1,3,6
788,10156,7.74,1,3,6
789,10158,7.74,1,3,6
790,10160,7.74,1,3,6
791,10162,7.74,1,3,6
792,10164,7.74,1,3,6
793,10166,7.74,1,3,6
794,10168,7.74,1,3,6
795,10170,7.74,1,3,6
796,10172,7.74,1,3,6
797,10174,7.74,1,3,6
798,10176,7.74,1,3,6
799,10178,7.74,1,3,6
800,10180,7.74,1,3,6
801,10182,7.74,1,3,6
802,10184,7.74,1,3,6
803,10186,7.74,1,3,6
804,10188,7.74,1,3,6
805,10190,7.74,1,3,6
806,10192,7.74,1,3,6
807,10194,7.74,1,3,6
808,10196,7.74,1,3,6
809,10198,7.74,1,3,6
810,10200,7.74,1,3,6
811,10202,7.74,1,3,6
812,10204,7.74,1,3,6
813,10206,7.74,1,3,6
814,10208,7.74,1,3,6
815,10210,7.74,1,3,6
816,10212,7.74,1,3,6
817,10214,7.74,1,3,6
818,10216,7.74,1,3,6
819,10218,7.74,1,3,6
820,10220,7.74,1,3,6
821,10222,7.74,1,3,6
822,10224,7.74,1,3,6
823,10226,7.74,1,3,6
824,10228,7.74,1,3,6
825,10230,7.74,1,3,6
826,10232,7.74,1,3,6
827,10234,7.74,1,3,6
828,10236,7.74,1,3,6
829,10238,7.74,1,3,6
830,10240,7.74,1,3,6
831,10242,7.74,1,3,6
832,10244,7.74,1,3,6
833,10246,7.74,1,3,6
834,10248,7.74,1,3,6
835,10250,7.74,1,3,6
836,10252,7.74,1,3,6
837,10254,7.74,1,3,6
838,10256,7.74,1,3,6
839,10258,7.74,1,3,6
840,10260,7.74,1,3,6
841,10262,7.74,1,3,6
842,10264,7.74,1,3,6
843,10266,7.74,1,3,6
844,10268,7.74,1,3,6
845,10270,7.74,1,3,6
846,10272,7.74,1,3,6
847,10274,7.74,1,3,6
848,10276,7.74,1,3,6
849,10278,7.74,1,3,6
850,10280,7.74,1,3,6
851,10282,7.74,1,3,6
852,10284,7.74,1,3,6
853,10286,7.74,1,3,6
854,10288,7.74,1,3,6
855,10290,7.74,1,3,6
856,10292,7.74,1,3,6
857,10294,7.74,1,3,6
858,10296,7.74,1,3,6
859,10298,7.74,1,3,6
860,10300,7.74,1,3,6
861,10302,7.74,1,3,6
862,10304,7.74,1,3,6
863,10306,7.74,1,3,6
864,10308,7.74,1,3,6
865,10310,7.74,1,3,6
866,10312,7.74,1,3,6
867,10314,7.74,1,3,6
868,10316,7.74,1,3,6
869,10318,7.74,1,3,6
870,10320,7.74,1,3,6
871,10322,7.74,1,3,6
872,10324,7.74,1,3,6
873,10326,7.74,1,3,6
874,10328,7.74,1,3,6
875,10330,7.74,1,3,6
876,10332,7.74,1,3,6
877,10334,7.74,1,3,6
878,10336,7.74,1,3,6
879,10338,7.74,1,3,6
880,10340,7.74,1,3,6
881,10342,7.74,1,3,6
882,10344,7.74,1,3,6
883,10346,7.74,1,3,6
884,10348,7.74,1,3,6
885,10350,7.74,1,3,6
886,10352,7.74,1,3,6
887,10354,7.74,1,3,6
888,10356,7.74,1,3,6
889,10358,7.74,1,3,6
890,10360,7.74,1,3,6
891,10362,7.74,1,3,6
892,10364,7.74,1,3,6
893,10366,7.74,1,3,6
894,10368,7.74,1,3,6
895,10370,7.74,1,3,6
896,10372,7.74,1,3,6
897,10374,7.74,1,3,6
898,10376,7.74,1,3,6
899,10378,7.74,1,3,6
900,10380,7.74,1,3,6
901,10382,7.74,1,3,6
902,10384,7.74,1,3,6
903,10386,7.74,1,3,6
904,10388,7.74,1,3,6
905,10390,7.74,1,3,6
906,10392,7.74,1,3,6
907,10394,7.74,1,3,6
908,10396,7.74,1,3,6
909,10398,7.74,1,3,6
910,10400,7.74,1,3,6
911,10402,7.74,1,3,6
912,10404,7.74,1,3,6
913,10406,7.74,1,3,6
914,10408,7.74,1,3,6
915,10410,7.74,1,3,6
916,10412,7.74,1,3,6
917,10414,7.74,1,3,6
918,10416,7.74,1,3,6
919,10418,7.74,1,3,6
920,10420,7.74,1,3,6
921,10422,7.74,1,3,6
922,10424,7.74,1,3,6
923,10426,7.74,1,3,6
924,10428,7.74,1,3,6
925,10430,7.74,1,3,6
926,10432,7.74,1,3,6
927,10434,7.74,1,3,6
928,10436,7.74,1,3,6
929,10438,7.74,1,3,6
930,10440,7.74,1,3,6
931,10442,7.74,1,3,6
932,10444,7.74,1,3,6
933,10446,7.74,1,3,6
934,10448,7.74,1,3,6
935,10450,7.74,1,3,6
936,10452,7.74,1,3,6
937,10454,7.74,1,3,6
938,10456,7.74,1,3,6
939,10458,7.74,1,3,6
940,10460,7.74,1,3,6
941,10462,7.74,1,3,6
942,10464,7.74,1,3,6
943,10466,7.74,1,3,6
944,10468,7.74,1,3,6
945,10470,7.74,1,3,6
946,10472,7.74,1,3,6
947,10474,7.74,1,3,6
948,10476,7.74,1,3,6
949,10478,7.74,1,3,6
950,10480,7.74,1,3,6
951,10482,7.74,1,3,6
952,10484,7.74,1,3,6
953,10486,7.74,1,3,6
954,10488,7.74,1,3,6
955,10490,7.74,1,3,6
956,10492,7.74,1,3,6
957,10494,7.74,1,3,6
958,10496,7.74,1,3,6
959,10498,7.74,1,3,6
960,10500,7.74,1,3,6
961,10502,7.74,1,3,6
962,10504,7.74,1,3,6
963,10506,7.74,1,3,6
964,10508,7.74,1,3,6
965,10510,7.74,1,3,6
966,10512,7.74,1,3,6
967,10514,7.74,1,3,6
968,10516,7.74,1,3,6
969,10518,7.74,1,3,6
970,10520,7.74,1,3,6
971,10522,7.74,1,3,6
972,10524,7.74,1,3,6
973,10526,7.74,1,3,6
974,10528,7.74,1,3,6
975,10530,7.74,1,3,6
976,10532,7.74,1,3,6
977,10534,7.74,1,3,6
978,10536,7.74,1,3,6
979,10538,7.74,1,3,6
980,10540,7.74,1,3,6
981,10542,7.74,1,3,6
982,10544,7.74,1,3,6
983,10546,7.74,1,3,6
984,10548,7.74,1,3,6
985,10550,7.74,1,3,6
986,10552,7.74,1,3,6
987,10554,7.74,1,3,6
988,10556,7.74,1,3,6
989,10558,7.74,1,3,6
990,10560,7.74,1,3,6
991,10562,7.74,1,3,6
992,10564,7.74,1,3,6
993,10566,7.74,1,3,6
994,10568,7.74,1,3,6
995,10570,7.74,1,3,6
996,10572,7.74,1,3,6
997,10574,7.74,1,3,6
998,10576,7.74,1,3,6
999,10578,7.74,1,3,6
1000,10580,7.74,1,3,6
1001,10582,7.74,1,3,6
1002,10584,7.74,1,3,6
1003,10586,7.73,1,3,6
1004,10588,7.73,1,3,6
1005,10590,7.73,1,3,6
1006,10592,7.73,1,3,6
1007,10594,7.73,1,3,6
1008,10596,7.73,1,3,6
1009,10598,7.73,1,3,6
1010,10600,7.73,1,3,6
1011,10602,7.73,1,3,6
1012,10604,7.73,1,3,6
1013,10606,7.73,1,3,6
1014,10608,7.73,1,3,6
1015,10610,7.73,1,3,6
1016,10612,7.73,1,3,6
1017,10614,7.73,1,3,6
1018,10616,7.73,1,3,6
1019,10618,7.73,1,3,6
1020,10620,7.73,1,3,6
1021,10622,7.73,1,3,6
1022,10624,7.73,1,3,6
1023,10626,7.73,1,3,6
1024,10628,7.73,1,3,6
1025,10630,7.73,1,3,6
1026,10632,7.73,1,3,6
1027,10634,7.73,1,3,6
1028,10636,7.73,1,3,6
1029,10638,7.73,1,3,6
1030,10640,7.73,1,3,6
1031,10642,7.73,1,3,6
1032,10644,7.73,1,3,6
1033,10646,7.73,1,3,6
1034,10648,7.73,1,3,6
1035,10650,7.73,1,3,6
1036,10652,7.73,1,3,6
1037,10654,7.73,1,3,6
1038,10656,7.73,1,3,6
1039,10658,7.73,1,3,6
1040,10660,7.73,1,3,6
1041,10662,7.73,1,3,6
1042,10664,7.73,1,3,6
1043,10666,7.73,1,3,6
1044,10668,7.73,1,3,6
1045,10670,7.73,1,3,6
1046,10672,7.73,1,3,6
1047,10674,7.73,1,3,6
1048,10676,7.73,1,3,6
1049,10678,7.73,1,3,6
1050,10680,7.73,1,3,6
1051,10682,7.73,1,3,6
1052,10684,7.73,1,3,6
1053,10686,7.73,1,3,6
1054,10688,7.73,1,3,6
1055,10690,7.73,1,3,6
1056,10692,7.73,1,3,6
1057,10694,7.73,1,3,6
1058,10696,7.73,1,3,6
1059,10698,7.73,1,3,6
1060,10700,7.73,1,3,6
1061,10702,7.73,1,3,6
1062,10704,7.73,1,3,6
1063,10706,7.73,1,3,6
1064,10708,7.73,1,3,6
1065,10710,7.73,1,3,6
1066,10712,7.73,1,3,6
1067,10714,7.73,1,3,6
1068,10716,7.73,1,3,6
1069,10718,7.73,1,3,6
1070,10720,7.73,1,3,6
1071,10722,7.73,1,3,6
1072,10724,7.73,1,3,6
1073,10726,7.73,1,3,6
1074,10728,7.73,1,3,6
1075,10730,7.73,1,3,6
1076,10732,7.73,1,3,6
1077,10734,7.73,1,3,6
1078,10736,7.73,1,3,6
1079,10738,7.73,1,3,6
1080,10740,7.73,1,3,6
1081,10742,7.73,1,3,6
1082,10744,7.73,1,3,6
1083,10746,7.73,1,3,6
1084,10748,7.73,1,3,6
1085,10750,7.73,1,3,6
1086,10752,7.73,1,3,6
1087,10754,7.73,1,3,6
1088,10756,7.73,1,3,6
1089,10758,7.73,1,3,6
1090,10760,7.73,1,3,6
1091,10762,7.73,1,3,6
1092,10764,7.73,1,3,6
1093,10766,7.73,1,3,6
1094,10768,7.73,1,3,6
1095,10770,7.73,1,3,6
1096,10772,7.73,1,3,6
1097,10774,7.73,1,3,6
1098,10776,7.73,1,3,6
1099,10778,7.73,1,3,6
1100,10780,7.73,1,3,6
1101,10782,7.73,1,3,6
1102,10784,7.73,1,3,6
1103,10786,7.73,1,3,6
1104,10788,7.73,1,3,6
1105,10790,7.73,1,3,6
1106,10792,7.73,1,3,6
1107,10794,7.73,1,3,6
1108,10796,7.73,1,3,6
1109,10798,7.73,1,3,6
1110,10800,7.73,1,3,6
1111,10802,7.73,1,3,6
1112,10804,7.73,1,3,6
1113,10806,7.73,1,3,6
1114,10808,7.73,1,3,6
1115,10810,7.73,1,3,6
1116,10812,7.73,1,3,6
1117,10814,7.73,1,3,6
1118,10816,7.73,1,3,6
1119,10818,7.73,1,3,6
1120,10820,7.73,1,3,6
1121,10822,7.73,1,3,6
1122,10824,7.73,1,3,6
1123,10826,7.73,1,3,6
1124,10828,7.73,1,3,6
1125,10830,7.73,1,3,6
1126,10832,7.73,1,3,6
1127,10834,7.73,1,3,6
1128,10836,7.73,1,3,6
1129,10838,7.73,1,3,6
1130,10840,7.73,1,3,6
1131,10842,7.73,1,3,6
1132,10844,7.73,1,3,6
1133,10846,7.73,1,3,6
1134,10848,7.73,1,3,6
1135,10850,7.73,1,3,6
1136,10852,7.73,1,3,6
1137,10854,7.73,1,3,6
1138,10856,7.73,1,3,6
1139,10858,7.73,1,3,6
1140,10860,7.73,1,3,6
1141,10862,7.73,1,3,6
1142,10864,7.73,1,3,6
1143,10866,7.73,1,3,6
1144,10868,7.73,1,3,6
1145,10870,7.73,1,3,6
1146,10872,7.73,1,3,6
1147,10874,7.73,1,3,6
1148,10876,7.73,1,3,6
1149,10878,7.73,1,3,6
1150,10880,7.73,1,3,6
1151,10882,7.73,1,3,6
1152,10884,7.73,1,3,6
1153,10886,7.73,1,3,6
1154,10888,7.73,1,3,6
1155,10890,7.73,1,3,6
1156,10892,7.73,1,3,6
1157,10894,7.73,1,3,6
1158,10896,7.73,1,3,6
1159,10898,7.73,1,3,6
1160,10900,7.73,1,3,6
1161,10902,7.73,1,3,6
1162,10904,7.73,1,3,6
1163,10906,7.73,1,3,6
1164,10908,7.73,1,3,6
1165,10910,7.73,1,3,6
1166,10912,7.73,1,3,6
1167,10914,7.73,1,3,6
1168,10916,7.73,1,3,6
1169,10918,7.73,1,3,6
1170,10920,7.73,1,3,6
1171,10922,7.73,1,3,6
1172,10924,7.73,1,3,6
1173,10926,7.73,1,3,6
1174,10928,7.73,1,3,6
1175,10930,7.73,1,3,6
1176,10932,7.73,1,3,6
1177,10934,7.73,1,3,6
1178,10936,7.73,1,3,6
1179,10938,7.73,1,3,6
1180,10940,7.73,1,3,6
1181,10942,7.73,1,3,6
1182,10944,7.73,1,3,6
1183,10946,7.73,1,3,6
1184,10948,7.73,1,3,6
1185,10950,7.73,1,3,6
1186,10952,7.73,1,3,6
1187,10954,7.73,1,3,6
1188,10956,7.73,1,3,6
1189,10958,7.73,1,3,6
1190,10960,7.73,1,3,6
1191,10962,7.73,1,3,6
1192,10964,7.73,1,3,6
1193,10966,7.73,1,3,6
1194,10968,7.73,1,3,6
1195,10970,7.73,1,3,6
1196,10972,7.73,1,3,6
1197,10974,7.73,1,3,6
1198,10976,7.73,1,3,6
1199,10978,7.73,1,3,6
1200,10980,7.73,1,3,6
1201,10982,7.73,1,3,6
1202,10984,7.73,1,3,6
1203,10986,7.73,1,3,6
1204,10988,7.73,1,3,6
1205,10990,7.73,1,3,6
1206,10992,7.73,1,3,6
1207,10994,7.73,1,3,6
1208,10996,7.73,1,3,6
1209,10998,7.73,1,3,6
1210,11000,7.73,1,3,6
1211,11002,7.73,1,3,6
1212,11004,7.73,1,3,6
1213,11006,7.73,1,3,6
1214,11008,7.73,1,3,6
1215,11010,7.73,1,3,6
1216,11012,7.73,1,3,6
1217,11014,7.73,1,3,6
1218,11016,7.73,1,3,6
1219,11018,7.73,1,3,6
1220,11020,7.73,1,3,6
1221,11022,7.73,1,3,6
1222,11024,7.73,1,3,6
1223,11026,7.73,1,3,6
1224,11028,7.73,1,3,6
1225,11030,7.73,1,3,6
1226,11032,7.73,1,3,6
1227,11034,7.73,1,3,6
1228,11036,7.73,1,3,6
1229,11038,7.73,1,3,6
1230,11040,7.73,1,3,6
1231,11042,7.73,1,3,6
1232,11044,7.73,1,3,6
1233,11046,7.73,1,3,6
1234,11048,7.73,1,3,6
1235,11050,7.73,1,3,6
1236,11052,7.73,1,3,6
1237,11054,7.73,1,3,6
1238,11056,7.73,1,3,6
1239,11058,7.73,1,3,6
1240,11060,7.73,1,3,6
1241,11062,7.73,1,3,6
1242,11064,7.73,1,3,6
1243,11066,7.73,1,3,6
1244,11068,7.73,1,3,6
1245,11070,7.73,1,3,6
1246,11072,7.73,1,3,6
1247,11074,7.73,1,3,6
1248,11076,7.73,1,3,6
1249,11078,7.73,1,3,6
1250,11080,7.73,1,3,6
1251,11082,7.73,1,3,6
1252,11084,7.73,1,3,6
1253,11086,7.73,1,3,6
1254,11088,7.73,1,3,6
1255,11090,7.73,1,3,6
1256,11092,7.73,1,3,6
1257,11094,7.73,1,3,6
1258,11096,7.73,1,3,6
1259,11098,7.73,1,3,6
1260,11100,7.73,1,3,6
1261,11102,7.73,1,3,6
1262,11104,7.73,1,3,6
1263,11106,7.73,1,3,6
1264,11108,7.73,1,3,6
1265,11110,7.73,1,3,6
1266,11112,7.73,1,3,6
1267,11114,7.73,1,3,6
1268,11116,7.73,1,3,6
1269,11118,7.73,1,3,6
1270,11120,7.73,1,3,6
1271,11122,7.73,1,3,6
1272,11124,7.73,1,3,6
1273,11126,7.73,1,3,6
1274,11128,7.73,1,3,6
1275,11130,7.73,1,3,6
1276,11132,7.73,1,3,6
1277,11134,7.73,1,3,6
1278,11136,7.73,1,3,6
1279,11138,7.73,1,3,6
1280,11140,7.73,1,3,6
1281,11142,7.73,1,3,6
1282,11144,7.73,1,3,6
1283,11146,7.73,1,3,6
1284,11148,7.73,1,3,6
1285,11150,7.73,1,3,6
1286,11152,7.73,1,3,6
1287,11154,7.73,1,3,6
1288,11156,7.73,1,3,6
1289,11158,7.73,1,3,6
1290,11160,7.73,1,3,6
1291,11162,7.73,1,3,6
1292,11164,7.73,1,3,6
1293,11166,7.73,1,3,6
1294,11168,7.73,1,3,6
1295,11170,7.73,1,3,6
1296,11172,7.73,1,3,6
1297,11174,7.73,1,3,6
1298,11176,7.73,1,3,6
1299,11178,7.73,1,3,6
1300,11180,7.73,1,3,6
1301,11182,7.73,1,3,6
1302,11184,7.73,1,3,6
1303,11186,7.73,1,3,6
1304,11188,7.73,1,3,6
1305,11190,7.73,1,3,6
1306,11192,7.73,1,3,6
1307,11194,7.73,1,3,6
1308,11196,7.73,1,3,6
1309,11198,7.73,1,3,6
1310,11200,7.73,1,3,6
1311,11202,7.73,1,3,6
1312,11204,7.73,1,3,6
1313,11206,7.73,1,3,6
1314,11208,7.73,1,3,6
1315,11210,7.73,1,3,6
1316,11212,7.73,1,3,6
1317,11214,7.73,1,3,6
1318,11216,7.73,1,3,6
1319,11218,7.73,1,3,6
1320,11220,7.73,1,3,6
1321,11222,7.73,1,3,6
1322,11224,7.73,1,3,6
1323,11226,7.73,1,3,6
1324,11228,7.73,1,3,6
1325,11230,7.73,1,3,6
1326,11232,7.73,1,3,6
1327,11234,7.73,1,3,6
1328,11236,7.73,1,3,6
1329,11238,7.73,1,3,6
1330,11240,7.73,1,3,6
1331,11242,7.73,1,3,6
1332,11244,7.73,1,3,6
1333,11246,7.73,1,3,6
1334,11248,7.73,1,3,6
1335,11250,7.73,1,3,6
1336,11252,7.73,1,3,6
1337,11254,7.73,1,3,6
1338,11256,7.73,1,3,6
1339,11258,7.73,1,3,6
1340,11260,7.73,1,3,6
1341,11262,7.73,1,3,6
1342,11264,7.73,1,3,6
1343,11266,7.73,1,3,6
1344,11268,7.73,1,3,6
1345,11270,7.73,1,3,6
1346,11272,7.73,1,3,6
1347,11274,7.73,1,3,6
1348,11276,7.73,1,3,6
1349,11278,7.73,1,3,6
1350,11280,7.73,1,3,6
1351,11282,7.73,1,3,6
1352,11284,7.73,1,3,6
1353,11286,7.73,1,3,6
1354,11288,7.73,1,3,6
1355,11290,7.73,1,3,6
1356,11292,7.73,1,3,6
1357,11294,7.73,1,3,6
1358,11296,7.73,1,3,6
1359,11298,7.73,1,3,6
1360,11300,7.73,1,3,6
1361,11302,7.73,1,3,6
1362,11304,7.73,1,3,6
1363,11306,7.73,1,3,6
1364,11308,7.73,1,3,6
1365,11310,7.73,1,3,6
1366,11312,7.73,1,3,6
